insert into public.customers (
  id, "entityId", "companyName", "contactName", email, phone, website, "accountNumber", addresses, "defaultAddress", "isActive", category, "createdAt", notes
) values
  (
    'cust-1001',
    'C-10001',
    'Northwind Health Plaza',
    'Amelia Grant',
    'amelia.grant@northwindhealth.com',
    '(416) 555-0101',
    'northwindhealth.com',
    'ACC-1001',
    '[
      {"id":"addr-1001-main","label":"Main Campus","street":"145 King Street West","city":"Toronto","state":"ON","zip":"M5H 1J8","isDefault":true,"isShipping":true,"isBilling":true},
      {"id":"addr-1001-lab","label":"Lab Wing","street":"18 Bayview Avenue","city":"Toronto","state":"ON","zip":"M4G 3C2","isDefault":false,"isShipping":true,"isBilling":false}
    ]'::jsonb,
    '145 King Street West, Toronto, ON M5H 1J8',
    true,
    'Healthcare',
    '2024-03-14T13:00:00Z',
    'Priority medical account with strict response windows.'
  ),
  (
    'cust-1002',
    'C-10002',
    'Harborview Retail Group',
    'Noah Bennett',
    'noah.bennett@harborviewretail.com',
    '(647) 555-0112',
    'harborviewretail.com',
    'ACC-1002',
    '[
      {"id":"addr-1002-main","label":"Head Office","street":"220 Front Street East","city":"Toronto","state":"ON","zip":"M5A 1E6","isDefault":true,"isShipping":true,"isBilling":true},
      {"id":"addr-1002-store","label":"Store 14","street":"122 Lakeshore Road","city":"Mississauga","state":"ON","zip":"L5G 1E4","isDefault":false,"isShipping":true,"isBilling":false}
    ]'::jsonb,
    '220 Front Street East, Toronto, ON M5A 1E6',
    true,
    'Retail',
    '2024-05-02T15:30:00Z',
    'Regional retail client with mixed service and install work.'
  ),
  (
    'cust-1003',
    'C-10003',
    'Summit Cold Storage',
    'Priya Raman',
    'priya.raman@summitcold.com',
    '(905) 555-0170',
    'summitcold.com',
    'ACC-1003',
    '[
      {"id":"addr-1003-main","label":"Warehouse","street":"88 Industrial Parkway","city":"Vaughan","state":"ON","zip":"L4K 4M3","isDefault":true,"isShipping":true,"isBilling":true}
    ]'::jsonb,
    '88 Industrial Parkway, Vaughan, ON L4K 4M3',
    true,
    'Industrial',
    '2023-11-21T09:15:00Z',
    'Keep refrigeration uptime notes visible for every visit.'
  ),
  (
    'cust-1004',
    'C-10004',
    'Crescent Tower Residences',
    'Ella Thompson',
    'ella@crescenttower.ca',
    '(437) 555-0144',
    'crescenttower.ca',
    'ACC-1004',
    '[
      {"id":"addr-1004-main","label":"Property Office","street":"501 Queen Street East","city":"Toronto","state":"ON","zip":"M5A 1T9","isDefault":true,"isShipping":true,"isBilling":true}
    ]'::jsonb,
    '501 Queen Street East, Toronto, ON M5A 1T9',
    true,
    'Residential',
    '2024-01-08T11:00:00Z',
    'Property manager wants consolidated notes after every completed visit.'
  ),
  (
    'cust-1005',
    'C-10005',
    'Atlas Manufacturing',
    'Lucas Ferreira',
    'lucas.ferreira@atlasmfg.com',
    '(905) 555-0155',
    'atlasmfg.com',
    'ACC-1005',
    '[
      {"id":"addr-1005-main","label":"Plant 2","street":"940 Matheson Boulevard","city":"Mississauga","state":"ON","zip":"L4W 2R7","isDefault":true,"isShipping":true,"isBilling":true}
    ]'::jsonb,
    '940 Matheson Boulevard, Mississauga, ON L4W 2R7',
    true,
    'Manufacturing',
    '2024-02-19T16:45:00Z',
    'Installation-heavy account with recurring punch-list follow-ups.'
  ),
  (
    'cust-1006',
    'C-10006',
    'Bluebird Hospitality',
    'Mia Ortega',
    'mia.ortega@bluebirdhospitality.com',
    '(416) 555-0195',
    'bluebirdhospitality.com',
    'ACC-1006',
    '[
      {"id":"addr-1006-main","label":"Hotel Operations","street":"60 Yorkville Avenue","city":"Toronto","state":"ON","zip":"M4W 0A4","isDefault":true,"isShipping":true,"isBilling":true}
    ]'::jsonb,
    '60 Yorkville Avenue, Toronto, ON M4W 0A4',
    true,
    'Hospitality',
    '2023-09-12T12:00:00Z',
    'Guest-facing spaces require short service windows and polished close-out notes.'
  ),
  (
    'cust-1007',
    'C-10007',
    'Cedar Brook Schools',
    'Ava Collins',
    'ava.collins@cedarbrookschools.ca',
    '(289) 555-0128',
    'cedarbrookschools.ca',
    'ACC-1007',
    '[
      {"id":"addr-1007-main","label":"District Office","street":"17 Wellington Street","city":"Hamilton","state":"ON","zip":"L8N 2R9","isDefault":true,"isShipping":true,"isBilling":true}
    ]'::jsonb,
    '17 Wellington Street, Hamilton, ON L8N 2R9',
    true,
    'Education',
    '2023-10-05T10:20:00Z',
    'Mix of service PM visits and summer install projects.'
  ),
  (
    'cust-1008',
    'C-10008',
    'Westside Civic Centre',
    'Daniel Price',
    'daniel.price@westsidecivic.ca',
    '(416) 555-0188',
    'westsidecivic.ca',
    'ACC-1008',
    '[
      {"id":"addr-1008-main","label":"Facilities Office","street":"302 Bloor Street West","city":"Toronto","state":"ON","zip":"M5S 1W9","isDefault":true,"isShipping":true,"isBilling":true}
    ]'::jsonb,
    '302 Bloor Street West, Toronto, ON M5S 1W9',
    true,
    'Government',
    '2024-04-01T08:10:00Z',
    'Public-sector client with approval checkpoints on billing.'
  ),
  (
    'cust-1009',
    'C-10009',
    'Maple Leaf Logistics',
    'Sophie Martin',
    'sophie.martin@mapleleaflogistics.ca',
    '(416) 555-0221',
    'mapleleaflogistics.ca',
    'ACC-1009',
    '[
      {"id":"addr-1009-main","label":"Distribution Hub","street":"455 Finch Avenue West","city":"Toronto","state":"ON","zip":"M2R 1N1","isDefault":true,"isShipping":true,"isBilling":true}
    ]'::jsonb,
    '455 Finch Avenue West, Toronto, ON M2R 1N1',
    true,
    'Logistics',
    '2024-06-11T09:45:00Z',
    'Warehouse team prefers same-day dispatch updates on active refrigeration jobs.'
  ),
  (
    'cust-1010',
    'C-10010',
    'Aurora BioLabs',
    'Ethan Wu',
    'ethan.wu@aurorabiolabs.com',
    '(905) 555-0240',
    'aurorabiolabs.com',
    'ACC-1010',
    '[
      {"id":"addr-1010-main","label":"Research Facility","street":"72 Discovery Court","city":"Markham","state":"ON","zip":"L3R 8C4","isDefault":true,"isShipping":true,"isBilling":true}
    ]'::jsonb,
    '72 Discovery Court, Markham, ON L3R 8C4',
    true,
    'Life Sciences',
    '2024-02-27T14:05:00Z',
    'Lab exhaust and environmental control issues must be escalated immediately.'
  ),
  (
    'cust-1011',
    'C-10011',
    'Southport Food Hall',
    'Camila Santos',
    'camila.santos@southportfoodhall.com',
    '(437) 555-0268',
    'southportfoodhall.com',
    'ACC-1011',
    '[
      {"id":"addr-1011-main","label":"Operations Office","street":"250 Lakeshore Boulevard West","city":"Toronto","state":"ON","zip":"M5V 3G2","isDefault":true,"isShipping":true,"isBilling":true}
    ]'::jsonb,
    '250 Lakeshore Boulevard West, Toronto, ON M5V 3G2',
    true,
    'Food Service',
    '2024-03-19T11:25:00Z',
    'Kitchen ventilation tickets should be scheduled outside lunch rush where possible.'
  ),
  (
    'cust-1012',
    'C-10012',
    'Grand River Clinics',
    'Nina Patel',
    'nina.patel@grandriverclinics.ca',
    '(519) 555-0284',
    'grandriverclinics.ca',
    'ACC-1012',
    '[
      {"id":"addr-1012-main","label":"Clinic Admin","street":"91 River Road East","city":"Kitchener","state":"ON","zip":"N2H 1A5","isDefault":true,"isShipping":true,"isBilling":true}
    ]'::jsonb,
    '91 River Road East, Kitchener, ON N2H 1A5',
    true,
    'Healthcare',
    '2023-12-08T08:40:00Z',
    'Multiple satellite clinics share the same billing contact and after-hours escalation path.'
  )
on conflict (id) do update set
  "companyName" = excluded."companyName",
  "contactName" = excluded."contactName",
  email = excluded.email,
  phone = excluded.phone,
  website = excluded.website,
  addresses = excluded.addresses,
  "defaultAddress" = excluded."defaultAddress",
  notes = excluded.notes;

insert into public.technicians (
  id, "employeeId", name, email, phone, category, skills, status, region, "avatarInitials", color, certifications
) values
  ('tech-svc-1', 'EMP-2101', 'Jake Morrison', 'jake.morrison@fsmco.com', '(416) 555-0201', 'SERVICE', array['HVAC','Refrigeration','Controls'], 'ON_JOB', 'Toronto Core', 'JM', 'bg-teal-500', array['EPA 608','R-410A']),
  ('tech-svc-2', 'EMP-2102', 'Tony Reyes', 'tony.reyes@fsmco.com', '(416) 555-0202', 'SERVICE', array['Electrical','Controls'], 'AVAILABLE', 'North York', 'TR', 'bg-cyan-500', array['Electrical License']),
  ('tech-svc-3', 'EMP-2103', 'Marcus Bell', 'marcus.bell@fsmco.com', '(416) 555-0203', 'SERVICE', array['HVAC','Preventive Maintenance'], 'ON_BREAK', 'Mississauga', 'MB', 'bg-emerald-500', array['EPA 608']),
  ('tech-svc-4', 'EMP-2104', 'Liam Chen', 'liam.chen@fsmco.com', '(416) 555-0204', 'SERVICE', array['Refrigeration','Cold Storage'], 'ON_JOB', 'Vaughan', 'LC', 'bg-sky-500', array['R-404A']),
  ('tech-inst-1', 'EMP-3101', 'Morgan Lee', 'morgan.lee@fsmco.com', '(416) 555-0301', 'INSTALLATION', array['Rooftop Units','Controls','Electrical'], 'ON_JOB', 'Toronto Core', 'ML', 'bg-slate-500', array['Site Safety']),
  ('tech-inst-2', 'EMP-3102', 'Preston Scott', 'preston.scott@fsmco.com', '(416) 555-0302', 'INSTALLATION', array['Piping','Startup','Controls'], 'AVAILABLE', 'Hamilton', 'PS', 'bg-indigo-500', array['Site Safety'])
on conflict (id) do update set
  name = excluded.name,
  status = excluded.status,
  skills = excluded.skills,
  region = excluded.region;

insert into public.assets (
  id, name, "customerId", "customerName", "equipmentTypeId", "equipmentType", "serialNumber", "modelNumber", manufacturer, "installDate", "warrantyExpiry", status, location, "lastServiceDate", "nextServiceDate", notes
) values
  ('asset-1001', 'RTU-14', 'cust-1002', 'Harborview Retail Group', 'eq-rtu', 'Rooftop Unit', 'RTU14-9831', 'Carrier 48TC', 'Carrier', '2022-06-15', '2027-06-15', 'IN_SERVICE', 'Store 14 roof', '2026-03-04', '2026-06-04', 'Store cooling system serving front retail floor.'),
  ('asset-1002', 'Walk-In Freezer A', 'cust-1003', 'Summit Cold Storage', 'eq-ref', 'Freezer', 'WIFA-2201', 'Hussmann H2', 'Hussmann', '2021-02-11', '2026-02-11', 'ACTIVE', 'North chamber', '2026-03-27', '2026-05-27', 'Critical cold chain equipment.'),
  ('asset-1003', 'Boiler Loop B', 'cust-1001', 'Northwind Health Plaza', 'eq-boiler', 'Boiler', 'BLB-8821', 'Viessmann V600', 'Viessmann', '2020-10-05', '2025-10-05', 'IN_SERVICE', 'Mechanical room level 2', '2026-02-19', '2026-05-19', 'Supports patient care wing heat loop.'),
  ('asset-1004', 'Dock Cooler 7', 'cust-1009', 'Maple Leaf Logistics', 'eq-cooler', 'Dock Cooler', 'DCK7-1194', 'Trane TSC', 'Trane', '2023-01-12', '2028-01-12', 'ACTIVE', 'Receiving bay 7', '2026-03-22', '2026-05-22', 'Loading-dock cooler with high traffic during morning receiving window.'),
  ('asset-1005', 'Lab Exhaust Fan 2', 'cust-1010', 'Aurora BioLabs', 'eq-exhaust', 'Exhaust Fan', 'LEF2-7021', 'Greenheck MX', 'Greenheck', '2022-09-18', '2027-09-18', 'IN_SERVICE', 'Roof penthouse', '2026-03-30', '2026-06-30', 'Critical for lab airflow balance and pressure control.'),
  ('asset-1006', 'Kitchen MAU-3', 'cust-1011', 'Southport Food Hall', 'eq-mau', 'Make-Up Air Unit', 'MAU3-4471', 'CaptiveAire D76', 'CaptiveAire', '2021-07-04', '2026-07-04', 'IN_SERVICE', 'Food hall roof section B', '2026-03-12', '2026-05-12', 'Supports kitchen ventilation across three vendor bays.')
on conflict (id) do update set
  name = excluded.name,
  status = excluded.status,
  notes = excluded.notes;

insert into public.checklist_items (id, label, required, "order", type) values
  ('chk-1001', 'Confirm customer contact on site', true, 1, 'CHECKBOX'),
  ('chk-1002', 'Capture before/after notes', true, 2, 'TEXT'),
  ('chk-1003', 'Attach service paperwork or photo', false, 3, 'PHOTO'),
  ('chk-1004', 'Collect customer sign-off', false, 4, 'SIGNATURE')
on conflict (id) do update set
  label = excluded.label,
  required = excluded.required,
  "order" = excluded."order",
  type = excluded.type;

insert into public.sales_orders (
  id, "soNumber", "customerId", "customerName", "linkedJobId", "linkedJobNumber", status, memo, "tranDate", "dueDate", lines, subtotal, "taxRate", "taxAmount", total, "amountPaid", balance, "paymentMode", "billingCode", "billingHold", "billingHoldReason", terms, "updatedAt", "createdAt"
) values
  (
    'so-2001',
    'SO-24001',
    'cust-1001',
    'Northwind Health Plaza',
    'job-3001',
    'FSM-24001',
    'Pending Approval',
    'Emergency AHU repair and controls reset',
    '2026-04-02',
    '2026-05-02',
    '[
      {"id":"sol-2001-a","itemId":"LAB-EMR","itemName":"Emergency Labor","description":"After-hours diagnostic and repair","quantity":4,"rate":195,"amount":780,"isClosed":false},
      {"id":"sol-2001-b","itemId":"CTL-RESET","itemName":"Controls Reset","description":"BMS recommissioning","quantity":1,"rate":220,"amount":220,"isClosed":false}
    ]'::jsonb,
    1000,
    8.13,
    81.30,
    1081.30,
    0,
    1081.30,
    'Net 30',
    '1',
    false,
    '',
    'Net 30',
    '2026-04-02T15:22:00Z',
    '2026-04-02T15:22:00Z'
  ),
  (
    'so-2002',
    'SO-24002',
    'cust-1002',
    'Harborview Retail Group',
    'job-3002',
    'FSM-24002',
    'Approved',
    'Spring rooftop PM and filter change',
    '2026-04-04',
    '2026-05-04',
    '[
      {"id":"sol-2002-a","itemId":"PM-HVAC","itemName":"Preventive Maintenance","description":"Quarterly rooftop PM","quantity":1,"rate":360,"amount":360,"isClosed":false},
      {"id":"sol-2002-b","itemId":"FLT-SET","itemName":"Filter Set","description":"MERV 13 replacement filters","quantity":2,"rate":58,"amount":116,"isClosed":false}
    ]'::jsonb,
    476,
    8.13,
    38.70,
    514.70,
    0,
    514.70,
    'Credit',
    '1',
    false,
    '',
    'Net 15',
    '2026-04-04T13:10:00Z',
    '2026-04-04T13:10:00Z'
  ),
  (
    'so-2003',
    'SO-24003',
    'cust-1003',
    'Summit Cold Storage',
    'job-3003',
    'FSM-24003',
    'Pending Approval',
    'Compressor swap and refrigerant top-up',
    '2026-04-05',
    '2026-05-05',
    '[
      {"id":"sol-2003-a","itemId":"COMP-01","itemName":"Compressor Replacement","description":"Walk-in freezer compressor","quantity":1,"rate":1240,"amount":1240,"isClosed":false},
      {"id":"sol-2003-b","itemId":"REF-404A","itemName":"Refrigerant","description":"R-404A refill","quantity":8,"rate":42,"amount":336,"isClosed":false}
    ]'::jsonb,
    1576,
    8.13,
    128.16,
    1704.16,
    0,
    1704.16,
    'Wire',
    '2',
    true,
    'Awaiting parts receipt from warehouse before invoice review.',
    'Net 30',
    '2026-04-05T17:40:00Z',
    '2026-04-05T17:40:00Z'
  ),
  (
    'so-2004',
    'SO-24004',
    'cust-1005',
    'Atlas Manufacturing',
    'job-3008',
    'FSM-24008',
    'Pending Approval',
    'Startup package for production line RTU install',
    '2026-04-06',
    '2026-05-06',
    '[
      {"id":"sol-2004-a","itemId":"STARTUP","itemName":"Startup & Commissioning","description":"Install startup package","quantity":1,"rate":980,"amount":980,"isClosed":false}
    ]'::jsonb,
    980,
    8.13,
    79.67,
    1059.67,
    0,
    1059.67,
    'Net 30',
    '3',
    false,
    '',
    'Net 30',
    '2026-04-06T11:10:00Z',
    '2026-04-06T11:10:00Z'
  ),
  (
    'so-2005',
    'SO-24005',
    'cust-1009',
    'Maple Leaf Logistics',
    'job-3011',
    'FSM-24011',
    'Approved',
    'Dock cooler evaporator fan replacement',
    '2026-04-07',
    '2026-05-07',
    '[
      {"id":"sol-2005-a","itemId":"FAN-EVAP","itemName":"Evaporator Fan Motor","description":"Dock cooler fan motor swap","quantity":1,"rate":420,"amount":420,"isClosed":false},
      {"id":"sol-2005-b","itemId":"LAB-REP","itemName":"Repair Labor","description":"Diagnostics and replacement labor","quantity":3,"rate":145,"amount":435,"isClosed":false}
    ]'::jsonb,
    855,
    8.13,
    69.51,
    924.51,
    0,
    924.51,
    'Net 30',
    '2',
    false,
    '',
    'Net 30',
    '2026-04-07T16:05:00Z',
    '2026-04-07T16:05:00Z'
  ),
  (
    'so-2006',
    'SO-24006',
    'cust-1010',
    'Aurora BioLabs',
    'job-3012',
    'FSM-24012',
    'Pending Approval',
    'Lab exhaust balancing and VFD tune',
    '2026-04-08',
    '2026-05-08',
    '[
      {"id":"sol-2006-a","itemId":"AIR-BAL","itemName":"Air Balance Service","description":"Exhaust balancing and pressure verification","quantity":1,"rate":760,"amount":760,"isClosed":false},
      {"id":"sol-2006-b","itemId":"VFD-TUNE","itemName":"VFD Tuning","description":"Controller tune and verification","quantity":1,"rate":280,"amount":280,"isClosed":false}
    ]'::jsonb,
    1040,
    8.13,
    84.55,
    1124.55,
    0,
    1124.55,
    'Wire',
    '2',
    false,
    '',
    'Net 30',
    '2026-04-08T14:35:00Z',
    '2026-04-08T14:35:00Z'
  ),
  (
    'so-2007',
    'SO-24007',
    'cust-1011',
    'Southport Food Hall',
    'job-3015',
    'FSM-24015',
    'Approved',
    'Kitchen make-up air preventive maintenance',
    '2026-04-09',
    '2026-05-09',
    '[
      {"id":"sol-2007-a","itemId":"PM-MAU","itemName":"MAU Preventive Maintenance","description":"Filter, belts, and combustion review","quantity":1,"rate":540,"amount":540,"isClosed":false}
    ]'::jsonb,
    540,
    8.13,
    43.90,
    583.90,
    0,
    583.90,
    'Credit',
    '1',
    false,
    '',
    'Net 15',
    '2026-04-09T10:50:00Z',
    '2026-04-09T10:50:00Z'
  ),
  (
    'so-2008',
    'SO-24008',
    'cust-1012',
    'Grand River Clinics',
    'job-3017',
    'FSM-24017',
    'Pending Approval',
    'After-hours RTU heating fault response',
    '2026-04-09',
    '2026-05-09',
    '[
      {"id":"sol-2008-a","itemId":"LAB-AH","itemName":"After-Hours Labor","description":"Emergency response labor","quantity":2.5,"rate":195,"amount":487.5,"isClosed":false},
      {"id":"sol-2008-b","itemId":"IGN-MOD","itemName":"Ignition Module","description":"Heating ignition module replacement","quantity":1,"rate":235,"amount":235,"isClosed":false}
    ]'::jsonb,
    722.5,
    8.13,
    58.74,
    781.24,
    0,
    781.24,
    'Net 30',
    '1',
    false,
    '',
    'Net 30',
    '2026-04-09T22:18:00Z',
    '2026-04-09T22:18:00Z'
  )
on conflict (id) do update set
  status = excluded.status,
  memo = excluded.memo,
  lines = excluded.lines,
  total = excluded.total,
  balance = excluded.balance,
  "billingHold" = excluded."billingHold",
  "billingHoldReason" = excluded."billingHoldReason",
  "updatedAt" = excluded."updatedAt";

insert into public.jobs (
  id, "jobNumber", status, priority, "serviceType", category, description, "internalNotes", "customerId", "customerName", "contactName", "contactPhone", "contactEmail", "serviceAddress", "technicianId", "technicianName", "scheduledDate", "scheduledStart", "scheduledEnd", "estimatedDuration", "actualStart", "actualEnd", "actualDuration", "salesOrderId", "salesOrderNumber", "billingCode", "billingReady", "billingHold", "billingHoldReason", "billableAmount", "laborCost", "partsCost", "totalCost", warranty, "warrantyRef", "slaBreached", "followUpRequired", "followUpNotes", resolution, "assetId", "assetName", tags, "createdAt", "updatedAt"
) values
  (
    'job-3001',
    'FSM-24001',
    'IN_PROGRESS',
    'CRITICAL',
    'EMERGENCY',
    'SERVICE',
    'Air handler serving patient wing is tripping on restart and dropping airflow alarms.',
    'Coordinate with facilities before shutting down corridor supply.',
    'cust-1001',
    'Northwind Health Plaza',
    'Amelia Grant',
    '(416) 555-0101',
    'amelia.grant@northwindhealth.com',
    '{"street":"145 King Street West","city":"Toronto","state":"ON","zip":"M5H 1J8"}'::jsonb,
    'tech-svc-1',
    'Jake Morrison',
    '2026-04-10',
    '08:00',
    '11:00',
    3,
    '2026-04-10T08:12:00Z',
    null,
    1.8,
    'so-2001',
    'SO-24001',
    '1',
    false,
    false,
    '',
    1081.30,
    351.00,
    0,
    351.00,
    false,
    null,
    true,
    true,
    'Confirm stable airflow with facilities manager before close-out.',
    null,
    'asset-1003',
    'Boiler Loop B',
    array['SLA','Medical'],
    '2026-04-02T15:00:00Z',
    '2026-04-10T09:25:00Z'
  ),
  (
    'job-3002',
    'FSM-24002',
    'SCHEDULED',
    'MEDIUM',
    'PREVENTIVE_MAINTENANCE',
    'SERVICE',
    'Quarterly rooftop maintenance visit for front retail store.',
    'Bundle with neighboring sites if dispatch load allows.',
    'cust-1002',
    'Harborview Retail Group',
    'Noah Bennett',
    '(647) 555-0112',
    'noah.bennett@harborviewretail.com',
    '{"street":"122 Lakeshore Road","city":"Mississauga","state":"ON","zip":"L5G 1E4"}'::jsonb,
    'tech-svc-2',
    'Tony Reyes',
    '2026-04-10',
    '10:30',
    '12:00',
    1.5,
    null,
    null,
    null,
    'so-2002',
    'SO-24002',
    '1',
    false,
    false,
    '',
    514.70,
    0,
    0,
    0,
    false,
    null,
    false,
    false,
    '',
    null,
    'asset-1001',
    'RTU-14',
    array['PM'],
    '2026-04-04T13:00:00Z',
    '2026-04-09T15:30:00Z'
  ),
  (
    'job-3003',
    'FSM-24003',
    'COMPLETED',
    'HIGH',
    'REPAIR',
    'SERVICE',
    'Replace failed compressor on walk-in freezer and verify temperature pull-down.',
    'Need signed parts receipt before invoice release.',
    'cust-1003',
    'Summit Cold Storage',
    'Priya Raman',
    '(905) 555-0170',
    'priya.raman@summitcold.com',
    '{"street":"88 Industrial Parkway","city":"Vaughan","state":"ON","zip":"L4K 4M3"}'::jsonb,
    'tech-svc-4',
    'Liam Chen',
    '2026-04-09',
    '07:00',
    '12:00',
    5,
    '2026-04-09T07:10:00Z',
    '2026-04-09T12:08:00Z',
    5,
    'so-2003',
    'SO-24003',
    '2',
    false,
    true,
    'Awaiting parts receipt from warehouse before invoice review.',
    1704.16,
    900,
    336,
    1236,
    false,
    null,
    false,
    false,
    '',
    'Compressor swapped, leak test passed, freezer back to -18C setpoint.',
    'asset-1002',
    'Walk-In Freezer A',
    array['Cold Storage'],
    '2026-04-05T17:30:00Z',
    '2026-04-09T12:15:00Z'
  ),
  (
    'job-3004',
    'FSM-24004',
    'BILLING_READY',
    'LOW',
    'INSPECTION',
    'SERVICE',
    'Annual boiler safety inspection and combustion report.',
    '',
    'cust-1001',
    'Northwind Health Plaza',
    'Amelia Grant',
    '(416) 555-0101',
    'amelia.grant@northwindhealth.com',
    '{"street":"145 King Street West","city":"Toronto","state":"ON","zip":"M5H 1J8"}'::jsonb,
    'tech-svc-3',
    'Marcus Bell',
    '2026-04-08',
    '09:00',
    '10:30',
    1.5,
    '2026-04-08T09:05:00Z',
    '2026-04-08T10:24:00Z',
    1.3,
    null,
    null,
    '1',
    true,
    false,
    '',
    242.50,
    242.50,
    0,
    242.50,
    false,
    null,
    false,
    false,
    '',
    'Inspection complete. No combustion issues found.',
    'asset-1003',
    'Boiler Loop B',
    array['Inspection'],
    '2026-04-07T13:00:00Z',
    '2026-04-08T10:24:00Z'
  ),
  (
    'job-3005',
    'FSM-24005',
    'NEW',
    'HIGH',
    'REPAIR',
    'SERVICE',
    'Guest room make-up air unit has intermittent vibration alarm on floor 9.',
    'Property manager requests quieter daytime work window.',
    'cust-1006',
    'Bluebird Hospitality',
    'Mia Ortega',
    '(416) 555-0195',
    'mia.ortega@bluebirdhospitality.com',
    '{"street":"60 Yorkville Avenue","city":"Toronto","state":"ON","zip":"M4W 0A4"}'::jsonb,
    null,
    null,
    '2026-04-11',
    '13:00',
    '15:00',
    2,
    null,
    null,
    null,
    null,
    null,
    '1',
    false,
    false,
    '',
    null,
    0,
    0,
    0,
    false,
    null,
    false,
    false,
    '',
    null,
    null,
    null,
    array['Hospitality'],
    '2026-04-09T16:50:00Z',
    '2026-04-09T16:50:00Z'
  ),
  (
    'job-3006',
    'FSM-24006',
    'ON_HOLD',
    'MEDIUM',
    'WARRANTY_REPAIR',
    'SERVICE',
    'Replace failed control relay under manufacturer warranty.',
    'Waiting for warranty authorization number from vendor.',
    'cust-1004',
    'Crescent Tower Residences',
    'Ella Thompson',
    '(437) 555-0144',
    'ella@crescenttower.ca',
    '{"street":"501 Queen Street East","city":"Toronto","state":"ON","zip":"M5A 1T9"}'::jsonb,
    'tech-svc-2',
    'Tony Reyes',
    '2026-04-11',
    '09:00',
    '11:00',
    2,
    null,
    null,
    null,
    null,
    null,
    'WARRANTY',
    false,
    false,
    '',
    0,
    0,
    0,
    0,
    true,
    'WAR-8842',
    false,
    true,
    'Return once vendor issues the relay authorization.',
    null,
    null,
    null,
    array['Warranty'],
    '2026-04-08T10:10:00Z',
    '2026-04-09T11:35:00Z'
  ),
  (
    'job-3007',
    'FSM-24007',
    'SCHEDULED',
    'MEDIUM',
    'INSPECTION',
    'SERVICE',
    'Gym rooftop unit spring startup and drain inspection.',
    '',
    'cust-1007',
    'Cedar Brook Schools',
    'Ava Collins',
    '(289) 555-0128',
    'ava.collins@cedarbrookschools.ca',
    '{"street":"17 Wellington Street","city":"Hamilton","state":"ON","zip":"L8N 2R9"}'::jsonb,
    'tech-svc-3',
    'Marcus Bell',
    '2026-04-12',
    '08:00',
    '10:00',
    2,
    null,
    null,
    null,
    null,
    null,
    '1',
    false,
    false,
    '',
    null,
    0,
    0,
    0,
    false,
    null,
    false,
    false,
    '',
    null,
    null,
    null,
    array['Education'],
    '2026-04-09T13:20:00Z',
    '2026-04-09T13:20:00Z'
  ),
  (
    'job-3008',
    'FSM-24008',
    'IN_PROGRESS',
    'HIGH',
    'INSTALLATION',
    'INSTALLATION',
    'Startup and commissioning for new production line rooftop unit installation.',
    'Coordinate with electrician before energizing controls panel.',
    'cust-1005',
    'Atlas Manufacturing',
    'Lucas Ferreira',
    '(905) 555-0155',
    'lucas.ferreira@atlasmfg.com',
    '{"street":"940 Matheson Boulevard","city":"Mississauga","state":"ON","zip":"L4W 2R7"}'::jsonb,
    'tech-inst-1',
    'Morgan Lee',
    '2026-04-10',
    '07:30',
    '14:00',
    6.5,
    '2026-04-10T07:35:00Z',
    null,
    2.7,
    'so-2004',
    'SO-24004',
    '3',
    false,
    false,
    '',
    1059.67,
    450,
    180,
    630,
    false,
    null,
    false,
    true,
    'Need customer training sign-off before invoicing.',
    null,
    null,
    null,
    array['Install'],
    '2026-04-06T10:50:00Z',
    '2026-04-10T09:40:00Z'
  ),
  (
    'job-3009',
    'FSM-24009',
    'SCHEDULED',
    'LOW',
    'INSTALLATION',
    'INSTALLATION',
    'Controls cabinet punch-list closeout for civic centre mechanical room.',
    '',
    'cust-1008',
    'Westside Civic Centre',
    'Daniel Price',
    '(416) 555-0188',
    'daniel.price@westsidecivic.ca',
    '{"street":"302 Bloor Street West","city":"Toronto","state":"ON","zip":"M5S 1W9"}'::jsonb,
    'tech-inst-2',
    'Preston Scott',
    '2026-04-11',
    '08:30',
    '11:30',
    3,
    null,
    null,
    null,
    null,
    null,
    '4',
    false,
    false,
    '',
    null,
    0,
    0,
    0,
    false,
    null,
    false,
    false,
    '',
    null,
    null,
    null,
    array['Install'],
    '2026-04-08T14:25:00Z',
    '2026-04-08T14:25:00Z'
  ),
  (
    'job-3010',
    'FSM-24010',
    'COMPLETED',
    'MEDIUM',
    'INSTALLATION',
    'INSTALLATION',
    'Final controls startup for school gymnasium rooftop replacement.',
    'Waiting on signed training checklist.',
    'cust-1007',
    'Cedar Brook Schools',
    'Ava Collins',
    '(289) 555-0128',
    'ava.collins@cedarbrookschools.ca',
    '{"street":"17 Wellington Street","city":"Hamilton","state":"ON","zip":"L8N 2R9"}'::jsonb,
    'tech-inst-2',
    'Preston Scott',
    '2026-04-07',
    '09:00',
    '14:00',
    5,
    '2026-04-07T09:05:00Z',
    '2026-04-07T13:42:00Z',
    4.6,
    null,
    null,
    '3',
    false,
    false,
    '',
    782,
    620,
    162,
    782,
    false,
    null,
    false,
    true,
    'Need digital turnover package uploaded for customer.',
    'Startup completed and balancing confirmed.',
    null,
    null,
    array['Install'],
    '2026-04-05T10:00:00Z',
    '2026-04-07T13:42:00Z'
  ),
  (
    'job-3011',
    'FSM-24011',
    'EN_ROUTE',
    'HIGH',
    'REPAIR',
    'SERVICE',
    'Dock cooler evaporator fan is short-cycling and tripping overload near receiving bay.',
    'Shipping team needs cooler restored before afternoon inbound freight.',
    'cust-1009',
    'Maple Leaf Logistics',
    'Sophie Martin',
    '(416) 555-0221',
    'sophie.martin@mapleleaflogistics.ca',
    '{"street":"455 Finch Avenue West","city":"Toronto","state":"ON","zip":"M2R 1N1"}'::jsonb,
    'tech-svc-1',
    'Jake Morrison',
    '2026-04-10',
    '11:30',
    '14:00',
    2.5,
    null,
    null,
    null,
    'so-2005',
    'SO-24005',
    '2',
    false,
    false,
    '',
    924.51,
    0,
    0,
    0,
    false,
    null,
    true,
    false,
    '',
    null,
    'asset-1004',
    'Dock Cooler 7',
    array['Cold Chain','Dock'],
    '2026-04-07T16:10:00Z',
    '2026-04-10T10:55:00Z'
  ),
  (
    'job-3012',
    'FSM-24012',
    'BILLING_READY',
    'MEDIUM',
    'REPAIR',
    'SERVICE',
    'Rebalance lab exhaust, verify pressure relationships, and tune VFD setpoints.',
    'QA manager requested a clean summary for audit records.',
    'cust-1010',
    'Aurora BioLabs',
    'Ethan Wu',
    '(905) 555-0240',
    'ethan.wu@aurorabiolabs.com',
    '{"street":"72 Discovery Court","city":"Markham","state":"ON","zip":"L3R 8C4"}'::jsonb,
    'tech-svc-2',
    'Tony Reyes',
    '2026-04-08',
    '08:00',
    '11:30',
    3.5,
    '2026-04-08T08:05:00Z',
    '2026-04-08T11:18:00Z',
    3.2,
    'so-2006',
    'SO-24006',
    '2',
    true,
    false,
    '',
    1124.55,
    640,
    0,
    640,
    false,
    null,
    false,
    false,
    '',
    'Balance restored and pressure within tolerance in all active lab rooms.',
    'asset-1005',
    'Lab Exhaust Fan 2',
    array['Life Sciences'],
    '2026-04-08T14:40:00Z',
    '2026-04-08T11:18:00Z'
  ),
  (
    'job-3013',
    'FSM-24013',
    'NEW',
    'MEDIUM',
    'MAINTENANCE',
    'SERVICE',
    'Quarterly preventive maintenance sweep for distribution office rooftop units.',
    'Customer wants a combined service note for all office RTUs.',
    'cust-1009',
    'Maple Leaf Logistics',
    'Sophie Martin',
    '(416) 555-0221',
    'sophie.martin@mapleleaflogistics.ca',
    '{"street":"455 Finch Avenue West","city":"Toronto","state":"ON","zip":"M2R 1N1"}'::jsonb,
    null,
    null,
    '2026-04-14',
    '08:00',
    '12:00',
    4,
    null,
    null,
    null,
    null,
    null,
    '1',
    false,
    false,
    '',
    null,
    0,
    0,
    0,
    false,
    null,
    false,
    false,
    '',
    null,
    null,
    null,
    array['PM'],
    '2026-04-10T10:45:00Z',
    '2026-04-10T10:45:00Z'
  ),
  (
    'job-3014',
    'FSM-24014',
    'ON_HOLD',
    'HIGH',
    'INSTALLATION',
    'INSTALLATION',
    'Electrical rough-in and controls landing for packaging line rooftop install.',
    'Awaiting electrician return to complete panel feed and breaker labeling.',
    'cust-1005',
    'Atlas Manufacturing',
    'Lucas Ferreira',
    '(905) 555-0155',
    'lucas.ferreira@atlasmfg.com',
    '{"street":"940 Matheson Boulevard","city":"Mississauga","state":"ON","zip":"L4W 2R7"}'::jsonb,
    'tech-inst-1',
    'Morgan Lee',
    '2026-04-11',
    '12:00',
    '16:00',
    4,
    '2026-04-11T12:10:00Z',
    null,
    1.1,
    null,
    null,
    '3',
    false,
    false,
    '',
    null,
    220,
    0,
    220,
    false,
    null,
    false,
    true,
    'Return when electrical feed is signed off.',
    null,
    null,
    null,
    array['Install','Electrical'],
    '2026-04-09T09:20:00Z',
    '2026-04-10T15:05:00Z'
  ),
  (
    'job-3015',
    'FSM-24015',
    'SCHEDULED',
    'MEDIUM',
    'PREVENTIVE_MAINTENANCE',
    'SERVICE',
    'Kitchen make-up air unit PM for vendor bays A through C.',
    'Coordinate access with food hall operations manager before service window.',
    'cust-1011',
    'Southport Food Hall',
    'Camila Santos',
    '(437) 555-0268',
    'camila.santos@southportfoodhall.com',
    '{"street":"250 Lakeshore Boulevard West","city":"Toronto","state":"ON","zip":"M5V 3G2"}'::jsonb,
    'tech-svc-3',
    'Marcus Bell',
    '2026-04-12',
    '06:30',
    '09:00',
    2.5,
    null,
    null,
    null,
    'so-2007',
    'SO-24007',
    '1',
    false,
    false,
    '',
    583.90,
    0,
    0,
    0,
    false,
    null,
    false,
    false,
    '',
    null,
    'asset-1006',
    'Kitchen MAU-3',
    array['Food Service','PM'],
    '2026-04-09T10:55:00Z',
    '2026-04-10T08:30:00Z'
  ),
  (
    'job-3016',
    'FSM-24016',
    'IN_PROGRESS',
    'CRITICAL',
    'REPAIR',
    'SERVICE',
    'Emergency lab exhaust alarm with pressure deviation on second-floor chemistry wing.',
    'Keep operations updated every 30 minutes until pressure stability is restored.',
    'cust-1010',
    'Aurora BioLabs',
    'Ethan Wu',
    '(905) 555-0240',
    'ethan.wu@aurorabiolabs.com',
    '{"street":"72 Discovery Court","city":"Markham","state":"ON","zip":"L3R 8C4"}'::jsonb,
    'tech-svc-4',
    'Liam Chen',
    '2026-04-10',
    '09:30',
    '13:30',
    4,
    '2026-04-10T09:42:00Z',
    null,
    2.1,
    null,
    null,
    '2',
    false,
    false,
    '',
    null,
    378,
    0,
    378,
    false,
    null,
    true,
    true,
    'Follow up with validation report once repair is complete.',
    null,
    'asset-1005',
    'Lab Exhaust Fan 2',
    array['Emergency','Life Sciences'],
    '2026-04-10T09:05:00Z',
    '2026-04-10T10:18:00Z'
  ),
  (
    'job-3017',
    'FSM-24017',
    'COMPLETED',
    'HIGH',
    'EMERGENCY',
    'SERVICE',
    'After-hours response for heating fault at satellite clinic rooftop unit.',
    'Clinic manager asked for a short incident summary for leadership.',
    'cust-1012',
    'Grand River Clinics',
    'Nina Patel',
    '(519) 555-0284',
    'nina.patel@grandriverclinics.ca',
    '{"street":"91 River Road East","city":"Kitchener","state":"ON","zip":"N2H 1A5"}'::jsonb,
    'tech-svc-2',
    'Tony Reyes',
    '2026-04-09',
    '20:30',
    '23:00',
    2.5,
    '2026-04-09T20:42:00Z',
    '2026-04-09T22:58:00Z',
    2.4,
    'so-2008',
    'SO-24008',
    '1',
    false,
    false,
    '',
    781.24,
    487.5,
    235,
    722.5,
    false,
    null,
    false,
    false,
    '',
    'Ignition module replaced and unit restored to normal heat cycle.',
    null,
    null,
    array['After Hours','Clinic'],
    '2026-04-09T22:20:00Z',
    '2026-04-09T22:58:00Z'
  ),
  (
    'job-3018',
    'FSM-24018',
    'SCHEDULED',
    'LOW',
    'INSTALLATION',
    'INSTALLATION',
    'Controls trim-out and owner training for civic centre AHU retrofit project.',
    'Final closeout package should be ready by end of day if training is signed.',
    'cust-1008',
    'Westside Civic Centre',
    'Daniel Price',
    '(416) 555-0188',
    'daniel.price@westsidecivic.ca',
    '{"street":"302 Bloor Street West","city":"Toronto","state":"ON","zip":"M5S 1W9"}'::jsonb,
    'tech-inst-2',
    'Preston Scott',
    '2026-04-15',
    '08:30',
    '12:30',
    4,
    null,
    null,
    null,
    null,
    null,
    '4',
    false,
    false,
    '',
    null,
    0,
    0,
    0,
    false,
    null,
    false,
    true,
    'Capture signed training acknowledgment before closeout.',
    null,
    null,
    null,
    array['Install','Training'],
    '2026-04-10T08:15:00Z',
    '2026-04-10T08:15:00Z'
  )
on conflict (id) do update set
  status = excluded.status,
  "technicianId" = excluded."technicianId",
  "technicianName" = excluded."technicianName",
  "salesOrderId" = excluded."salesOrderId",
  "salesOrderNumber" = excluded."salesOrderNumber",
  "billingReady" = excluded."billingReady",
  "billingHold" = excluded."billingHold",
  "billingHoldReason" = excluded."billingHoldReason",
  resolution = excluded.resolution,
  "updatedAt" = excluded."updatedAt";

insert into public.job_notes (id, "jobId", text, type, visibility, "authorId", "authorName", "createdAt") values
  ('note-4001', 'job-3001', 'Facilities approved immediate shutdown of corridor supply during repair window.', 'ACTIVITY', 'INTERNAL', 'u-dispatcher', 'Alex Rivera', '2026-04-10T07:55:00Z'),
  ('note-4002', 'job-3001', 'Vibration reduced after fan wheel rebalanced, monitoring alarms for 30 minutes.', 'TECHNICIAN', 'INTERNAL', 'u-tech', 'Jake Morrison', '2026-04-10T09:18:00Z'),
  ('note-4003', 'job-3003', 'Compressor delivered from warehouse at 08:20 and installed without brazing issues.', 'ACTIVITY', 'INTERNAL', 'u-dispatcher', 'Alex Rivera', '2026-04-09T08:25:00Z'),
  ('note-4004', 'job-3008', 'Controls panel energized, startup sequence underway with customer plant engineer present.', 'TECHNICIAN', 'INTERNAL', 'u-coord', 'Morgan Lee', '2026-04-10T08:40:00Z'),
  ('note-4005', 'job-3010', 'Turnover training complete, waiting on signed digital package upload.', 'BILLING', 'INTERNAL', 'u-billing', 'Taylor Brooks', '2026-04-08T10:00:00Z'),
  ('note-4006', 'job-3011', 'Customer confirmed receiving dock window between 11:30 and 14:00 only.', 'ACTIVITY', 'INTERNAL', 'u-dispatcher', 'Alex Rivera', '2026-04-10T10:05:00Z'),
  ('note-4007', 'job-3012', 'QA asked for final balancing readings attached to the billing packet.', 'BILLING', 'INTERNAL', 'u-billing', 'Taylor Brooks', '2026-04-08T12:05:00Z'),
  ('note-4008', 'job-3016', 'Pressure alarm remains active on one lab branch, continuing diagnosis.', 'TECHNICIAN', 'INTERNAL', 'u-dispatcher', 'Alex Rivera', '2026-04-10T10:12:00Z'),
  ('note-4009', 'job-3018', 'Owner training attendees confirmed for final trim-out visit next week.', 'ACTIVITY', 'INTERNAL', 'u-coord', 'Morgan Lee', '2026-04-10T08:32:00Z')
on conflict (id) do update set
  text = excluded.text,
  "createdAt" = excluded."createdAt";

insert into public.time_entries (id, "jobId", "technicianId", "technicianName", type, date, "startTime", "endTime", duration, notes, billable) values
  ('te-5001', 'job-3001', 'tech-svc-1', 'Jake Morrison', 'EMERGENCY', '2026-04-10', '08:12', '10:00', 1.8, 'Emergency diagnostic and vibration correction.', true),
  ('te-5002', 'job-3003', 'tech-svc-4', 'Liam Chen', 'REGULAR', '2026-04-09', '07:10', '12:08', 5, 'Compressor replacement and leak test.', true),
  ('te-5003', 'job-3004', 'tech-svc-3', 'Marcus Bell', 'REGULAR', '2026-04-08', '09:05', '10:24', 1.3, 'Boiler inspection and combustion report.', true),
  ('te-5004', 'job-3008', 'tech-inst-1', 'Morgan Lee', 'REGULAR', '2026-04-10', '07:35', '10:17', 2.7, 'Startup and commissioning work.', true),
  ('te-5005', 'job-3010', 'tech-inst-2', 'Preston Scott', 'REGULAR', '2026-04-07', '09:05', '13:42', 4.6, 'Final controls startup and balancing.', true),
  ('te-5006', 'job-3012', 'tech-svc-2', 'Tony Reyes', 'REGULAR', '2026-04-08', '08:05', '11:18', 3.2, 'Balancing, VFD tune, and pressure verification.', true),
  ('te-5007', 'job-3016', 'tech-svc-4', 'Liam Chen', 'EMERGENCY', '2026-04-10', '09:42', '11:48', 2.1, 'Emergency diagnosis on lab exhaust branch.', true),
  ('te-5008', 'job-3017', 'tech-svc-2', 'Tony Reyes', 'EMERGENCY', '2026-04-09', '20:42', '22:58', 2.4, 'After-hours heat restore and ignition module swap.', true)
on conflict (id) do update set
  duration = excluded.duration,
  notes = excluded.notes;

insert into public.parts (id, "jobId", "itemId", "itemName", "partNumber", description, quantity, "unitCost", "totalCost", supplier, warranty, "installedDate") values
  ('part-6001', 'job-3003', 'COMP-01', 'Compressor Replacement', 'COMP-9001', 'Walk-in freezer compressor', 1, 900, 900, 'ColdSupply', false, '2026-04-09'),
  ('part-6002', 'job-3003', 'REF-404A', 'Refrigerant', 'REF-404A', 'R-404A refill', 8, 42, 336, 'ColdSupply', false, '2026-04-09'),
  ('part-6003', 'job-3008', 'CTRL-IO', 'Controls IO Module', 'IO-441', 'Startup replacement IO module', 1, 180, 180, 'ControlWorks', false, '2026-04-10'),
  ('part-6004', 'job-3010', 'BAL-KIT', 'Balancing Kit', 'BAL-220', 'Final airflow balancing materials', 1, 162, 162, 'ControlWorks', false, '2026-04-07'),
  ('part-6005', 'job-3011', 'FAN-EVAP', 'Evaporator Fan Motor', 'FAN-702', 'Dock cooler evaporator fan motor', 1, 420, 420, 'CoolingDirect', false, '2026-04-10'),
  ('part-6006', 'job-3017', 'IGN-MOD', 'Ignition Module', 'IGN-310', 'Heating ignition module replacement', 1, 235, 235, 'HVAC Direct', false, '2026-04-09')
on conflict (id) do update set
  quantity = excluded.quantity,
  "totalCost" = excluded."totalCost";

insert into public.attachments (id, "customerId", "jobId", "jobNumber", "soId", "soNumber", name, type, size, url, source, "uploadedBy", "createdAt") values
  ('att-7001', 'cust-1001', 'job-3001', 'FSM-24001', 'so-2001', 'SO-24001', 'ahu-alarm-report.pdf', 'application/pdf', 238000, 'https://example.com/demo/ahu-alarm-report.pdf', 'JOB', 'Jake Morrison', '2026-04-10T09:05:00Z'),
  ('att-7002', 'cust-1003', 'job-3003', 'FSM-24003', 'so-2003', 'SO-24003', 'compressor-receipt.pdf', 'application/pdf', 184000, 'https://example.com/demo/compressor-receipt.pdf', 'SALES_ORDER', 'Taylor Brooks', '2026-04-09T14:10:00Z'),
  ('att-7003', 'cust-1005', 'job-3008', 'FSM-24008', 'so-2004', 'SO-24004', 'startup-checklist.pdf', 'application/pdf', 212000, 'https://example.com/demo/startup-checklist.pdf', 'JOB', 'Morgan Lee', '2026-04-10T09:12:00Z'),
  ('att-7004', 'cust-1010', 'job-3012', 'FSM-24012', 'so-2006', 'SO-24006', 'lab-balance-report.pdf', 'application/pdf', 196000, 'https://example.com/demo/lab-balance-report.pdf', 'SALES_ORDER', 'Tony Reyes', '2026-04-08T11:24:00Z'),
  ('att-7005', 'cust-1012', 'job-3017', 'FSM-24017', 'so-2008', 'SO-24008', 'after-hours-summary.pdf', 'application/pdf', 154000, 'https://example.com/demo/after-hours-summary.pdf', 'JOB', 'Tony Reyes', '2026-04-09T23:05:00Z')
on conflict (id) do update set
  name = excluded.name,
  url = excluded.url,
  "createdAt" = excluded."createdAt";

insert into public.checklist_responses (id, "jobId", "itemId", checked, notes, "technicianId", "completedAt") values
  ('clr-8001', 'job-3001', 'chk-1001', true, 'Facilities lead met technician on arrival.', 'tech-svc-1', '2026-04-10T08:15:00Z'),
  ('clr-8002', 'job-3003', 'chk-1001', true, 'Warehouse supervisor opened freezer area.', 'tech-svc-4', '2026-04-09T07:12:00Z'),
  ('clr-8003', 'job-3003', 'chk-1002', true, 'Compressor replaced and pull-down verified.', 'tech-svc-4', '2026-04-09T12:06:00Z'),
  ('clr-8004', 'job-3008', 'chk-1001', true, 'Plant engineer on site for startup.', 'tech-inst-1', '2026-04-10T07:38:00Z'),
  ('clr-8005', 'job-3012', 'chk-1001', true, 'QA escort confirmed access to lab wing.', 'tech-svc-2', '2026-04-08T08:07:00Z'),
  ('clr-8006', 'job-3012', 'chk-1002', true, 'Pressure and balance values recorded for all critical spaces.', 'tech-svc-2', '2026-04-08T11:12:00Z'),
  ('clr-8007', 'job-3017', 'chk-1001', true, 'Clinic administrator met technician at rooftop access.', 'tech-svc-2', '2026-04-09T20:45:00Z')
on conflict (id) do update set
  checked = excluded.checked,
  notes = excluded.notes,
  "completedAt" = excluded."completedAt";

insert into public.service_history (id, "jobId", "jobNumber", date, type, summary, "technicianName", duration, parts, resolution) values
  ('hist-9001', 'job-3010', 'FSM-24010', '2026-04-07', 'INSTALLATION', 'Controls startup and balancing completed for gym rooftop replacement.', 'Preston Scott', 4.6, 1, 'System balanced and customer training delivered.'),
  ('hist-9002', 'job-3003', 'FSM-24003', '2026-04-09', 'REPAIR', 'Compressor replaced on walk-in freezer, leak test passed.', 'Liam Chen', 5, 2, 'Freezer restored to design temperature.'),
  ('hist-9003', 'job-3004', 'FSM-24004', '2026-04-08', 'INSPECTION', 'Boiler inspection completed without corrective actions.', 'Marcus Bell', 1.3, 0, 'Combustion report delivered to facilities team.'),
  ('hist-9004', 'job-3012', 'FSM-24012', '2026-04-08', 'REPAIR', 'Lab exhaust balancing restored pressure tolerance in active research suites.', 'Tony Reyes', 3.2, 0, 'Pressure and airflow readings returned to target.'),
  ('hist-9005', 'job-3017', 'FSM-24017', '2026-04-09', 'EMERGENCY', 'After-hours heating fault cleared and ignition module replaced at clinic rooftop unit.', 'Tony Reyes', 2.4, 1, 'Unit restored to normal heating cycle before morning opening.')
on conflict (id) do update set
  summary = excluded.summary,
  resolution = excluded.resolution;
